user_id,session_id,window_start,window_end,mean_dwell,std_dwell,mean_flight,std_flight,typing_speed,backspace_rate,pause_count,mean_pressure,gyro_std,raw_score,mapped_class,predicted_class
U06,04ef5dc7-a863-47e2-ae53-6aa9f339c555,1774543801270,1774543816346,57.2,31.681025,196.16327,155.12843,218.89095,0.29090908,0,0.5,0.14927685,,,HIGH_STRESS
U06,04ef5dc7-a863-47e2-ae53-6aa9f339c555,1774548354033,1774548369748,65.108696,42.337788,269.28888,274.90634,175.62839,0.19565217,0,0.5,0.13736627,1,Calm,HIGH_STRESS
U06,04ef5dc7-a863-47e2-ae53-6aa9f339c555,1774548389700,1774548404727,67.92,31.57964,278.0,357.39172,99.82032,0.36,0,0.5,0.0687057,1,Calm,HIGH_STRESS
U06,04ef5dc7-a863-47e2-ae53-6aa9f339c555,1774548420693,1774548436856,62.814816,42.610237,440.92307,763.07446,100.22892,0.18518518,2,0.5,0.081288986,1,Calm,HIGH_STRESS
U06,04ef5dc7-a863-47e2-ae53-6aa9f339c555,1774548494487,1774548511611,65.61539,37.42282,458.16,773.54944,91.10021,0.15384616,2,0.5,0.07938467,1,Calm,HIGH_STRESS
U06,04ef5dc7-a863-47e2-ae53-6aa9f339c555,1774548511611,1774548526869,67.206894,41.7797,458.93103,750.5499,114.038536,0.20689656,2,0.5,0.10039115,1,Calm,HIGH_STRESS
U06,04ef5dc7-a863-47e2-ae53-6aa9f339c555,1774548528533,1774548543744,64.13043,38.260326,559.5,953.4629,90.723816,0.17391305,1,0.5,0.10480383,1,Calm,HIGH_STRESS
U06,04ef5dc7-a863-47e2-ae53-6aa9f339c555,1774580379575,1774580394756,56.235294,39.838688,479.375,459.28122,67.18925,0.29411766,0,0.5,0.11389626,1,Calm,HIGH_STRESS
U06,04ef5dc7-a863-47e2-ae53-6aa9f339c555,1774583668763,1774583684033,74.57143,25.6535,401.07407,696.05994,110.019646,0.035714287,1,0.5,0.6718472,3,Mild_Stress,MILD_STRESS
U06,04ef5dc7-a863-47e2-ae53-6aa9f339c555,1774585970818,1774585985858,64.23077,25.622969,430.25,399.94138,155.58511,0.3846154,1,0.5,0.536441,1,Calm,HIGH_STRESS
U06,04ef5dc7-a863-47e2-ae53-6aa9f339c555,1774587559663,1774587574814,67.21429,20.314241,408.0,676.1249,110.88377,0.0,1,0.5,0.11016894,1,Calm,CALM
U06,04ef5dc7-a863-47e2-ae53-6aa9f339c555,1774587676638,1774587691961,45.95652,25.17673,567.9091,608.8875,90.06069,0.17391305,2,0.5,0.05841574,1,Calm,HIGH_STRESS
U06,04ef5dc7-a863-47e2-ae53-6aa9f339c555,1774588262065,1774588282335,105.3,22.943626,1678.3334,2454.713,29.600395,0.0,2,0.5,0.28991213,5,High_Stress,MILD_STRESS
U06,04ef5dc7-a863-47e2-ae53-6aa9f339c555,1774588336510,1774588361741,82.2,23.016516,2512.6667,4764.1494,23.78027,0.0,2,0.5,0.18757458,5,High_Stress,MILD_STRESS
U06,04ef5dc7-a863-47e2-ae53-6aa9f339c555,1774592173505,1774592188770,50.54,28.892359,216.69388,179.78777,196.528,0.22,0,0.5,0.27559382,1,Calm,HIGH_STRESS
U06,04ef5dc7-a863-47e2-ae53-6aa9f339c555,1774593186262,1774593201372,50.255318,26.490839,240.85715,170.12314,186.63136,0.27659574,0,0.5,0.05487982,3,Mild_Stress,HIGH_STRESS
U06,04ef5dc7-a863-47e2-ae53-6aa9f339c555,1774593278172,1774593293369,45.96552,28.738396,246.25,153.07483,114.496284,0.20689656,0,0.5,0.105053335,3,Mild_Stress,HIGH_STRESS
U06,04ef5dc7-a863-47e2-ae53-6aa9f339c555,1774593303465,1774593318477,51.03448,34.7657,228.60715,136.17566,115.90727,0.20689656,0,0.5,0.027923033,3,Mild_Stress,HIGH_STRESS
U06,04ef5dc7-a863-47e2-ae53-6aa9f339c555,1774593342440,1774593357490,50.090908,30.284874,274.0,243.2657,43.85382,0.18181819,0,0.5,0.032369085,3,Mild_Stress,HIGH_STRESS
U06,04ef5dc7-a863-47e2-ae53-6aa9f339c555,1774593378287,1774593393466,53.166668,30.615057,265.2927,238.86176,166.01884,0.1904762,0,0.5,0.024158653,3,Mild_Stress,HIGH_STRESS
U06,04ef5dc7-a863-47e2-ae53-6aa9f339c555,1774600179980,1774600195128,54.451614,25.501219,428.96667,962.8613,122.78849,0.12903225,1,0.5,0.14823976,1,Calm,HIGH_STRESS
U06,04ef5dc7-a863-47e2-ae53-6aa9f339c555,1774606246232,1774606261264,69.44444,16.61399,222.25,238.60571,35.923363,0.0,0,0.5,0.10388634,3,Mild_Stress,MILD_STRESS
U06,04ef5dc7-a863-47e2-ae53-6aa9f339c555,1774606381414,1774606397364,52.58621,34.240044,223.35088,197.0732,218.18182,0.25862068,0,0.5,0.072942235,3,Mild_Stress,HIGH_STRESS
U06,04ef5dc7-a863-47e2-ae53-6aa9f339c555,1774606838321,1774606853367,59.425533,30.37058,243.76086,304.3783,187.42523,0.17021276,0,0.5,0.06803478,3,Mild_Stress,HIGH_STRESS
U06,04ef5dc7-a863-47e2-ae53-6aa9f339c555,1774606854666,1774606869729,56.117645,33.238678,194.0,157.44643,67.71559,0.11764706,0,0.5,0.07138321,3,Mild_Stress,HIGH_STRESS
U06,04ef5dc7-a863-47e2-ae53-6aa9f339c555,1774606917378,1774606932787,65.041664,27.767605,214.0,128.18024,93.45188,0.125,0,0.5,0.18753068,3,Mild_Stress,HIGH_STRESS
U06,04ef5dc7-a863-47e2-ae53-6aa9f339c555,1774606978974,1774606994035,37.243904,33.132977,311.95,560.7266,163.33577,0.3902439,2,0.5,0.13885048,3,Mild_Stress,HIGH_STRESS
U06,04ef5dc7-a863-47e2-ae53-6aa9f339c555,1774607105133,1774607120239,59.0,23.51359,136.875,50.73568,35.747387,0.11111111,0,0.5,0.12900698,3,Mild_Stress,HIGH_STRESS
U06,04ef5dc7-a863-47e2-ae53-6aa9f339c555,1774607160391,1774607175405,46.47059,36.840065,221.625,139.70007,67.93659,0.29411766,0,0.5,0.06053719,3,Mild_Stress,HIGH_STRESS
U06,04ef5dc7-a863-47e2-ae53-6aa9f339c555,1774609212515,1774609227965,81.56,16.991951,481.0,485.83484,97.08738,0.0,1,0.5,0.36461434,3,Mild_Stress,CALM
U06,04ef5dc7-a863-47e2-ae53-6aa9f339c555,1774609227965,1774609245348,60.066666,32.24793,1098.8667,1467.8799,51.774723,0.13333334,2,0.5,0.089893974,3,Mild_Stress,HIGH_STRESS
U06,04ef5dc7-a863-47e2-ae53-6aa9f339c555,1774609245348,1774609274405,79.0,14.465476,3553.25,8940.621,16.519255,0.0,1,0.5,0.04397461,3,Mild_Stress,MILD_STRESS
U06,04ef5dc7-a863-47e2-ae53-6aa9f339c555,1774615005458,1774615020603,52.114285,22.241238,344.32352,283.17587,138.65962,0.08571429,0,0.5,0.11880344,3,Mild_Stress,HIGH_STRESS
U06,04ef5dc7-a863-47e2-ae53-6aa9f339c555,1774616500558,1774616515580,65.0,17.93135,392.27585,247.50548,119.82426,0.0,0,0.5,0.06846482,5,High_Stress,CALM
U06,04ef5dc7-a863-47e2-ae53-6aa9f339c555,1774616543083,1774616558627,60.851852,33.388515,676.7778,831.42377,104.220276,0.5185185,1,0.5,0.05241024,5,High_Stress,HIGH_STRESS
U06,04ef5dc7-a863-47e2-ae53-6aa9f339c555,1774616558627,1774616573710,66.47222,24.249268,352.52777,423.62448,143.20758,0.055555556,1,0.5,0.032693915,5,High_Stress,MILD_STRESS
U06,04ef5dc7-a863-47e2-ae53-6aa9f339c555,1774625299467,1774625314520,69.09804,28.2331,215.6,232.254,203.28174,0.078431375,0,0.5,0.03869714,3,Mild_Stress,MILD_STRESS
U06,04ef5dc7-a863-47e2-ae53-6aa9f339c555,1774625314520,1774625329631,66.583336,30.732878,185.26666,146.5734,238.23705,0.083333336,0,0.5,0.019077562,3,Mild_Stress,HIGH_STRESS
U06,04ef5dc7-a863-47e2-ae53-6aa9f339c555,1774625383749,1774625408358,31.833334,36.498478,4102.6,4734.179,14.628795,0.5,2,0.5,0.023116631,3,Mild_Stress,HIGH_STRESS
U06,04ef5dc7-a863-47e2-ae53-6aa9f339c555,1774625408358,1774625423471,55.415092,36.433674,267.58694,323.69254,210.41487,0.41509435,0,0.5,0.024494808,3,Mild_Stress,HIGH_STRESS
U06,04ef5dc7-a863-47e2-ae53-6aa9f339c555,1774625465333,1774625481042,67.08,15.149706,1868.2858,3797.6738,95.486664,0.76,1,0.5,0.20327982,3,Mild_Stress,HIGH_STRESS
U06,04ef5dc7-a863-47e2-ae53-6aa9f339c555,1774625481042,1774625496451,43.634148,31.303204,332.17075,428.9194,159.64696,0.2682927,0,0.5,0.066114426,3,Mild_Stress,HIGH_STRESS
U06,04ef5dc7-a863-47e2-ae53-6aa9f339c555,1774625496451,1774625511539,69.25,26.933947,873.75,1508.182,63.626724,0.0625,2,0.5,0.07835519,3,Mild_Stress,MILD_STRESS
U06,04ef5dc7-a863-47e2-ae53-6aa9f339c555,1774629473416,1774629488474,79.39024,21.750109,257.675,590.76544,163.36832,0.0,1,0.5,0.121072404,3,Mild_Stress,MILD_STRESS
U06,04ef5dc7-a863-47e2-ae53-6aa9f339c555,1774629488474,1774629503690,74.36539,33.231144,218.25,330.12024,205.04732,0.115384616,1,0.5,0.2287955,3,Mild_Stress,HIGH_STRESS
U06,04ef5dc7-a863-47e2-ae53-6aa9f339c555,1774629503690,1774629528431,71.933334,26.269035,1577.4,3891.2043,36.376865,0.0,2,0.5,0.14094399,3,Mild_Stress,MILD_STRESS
U06,04ef5dc7-a863-47e2-ae53-6aa9f339c555,1774678516321,1774678531422,66.882355,36.98232,308.69696,334.43362,135.0904,0.1764706,0,0.5,0.14953756,3,Mild_Stress,HIGH_STRESS
U06,04ef5dc7-a863-47e2-ae53-6aa9f339c555,1774678532653,1774678566326,70.26667,28.569136,2064.4285,5246.779,26.727646,0.06666667,2,0.5,0.049680922,3,Mild_Stress,MILD_STRESS
U06,04ef5dc7-a863-47e2-ae53-6aa9f339c555,1774681584045,1774681600764,54.41379,32.486088,508.35715,776.4847,104.07321,0.20689656,1,0.5,0.17371975,5,High_Stress,HIGH_STRESS
U06,04ef5dc7-a863-47e2-ae53-6aa9f339c555,1774691339807,1774691354957,62.125,24.718098,313.33334,208.82773,63.366337,0.0625,0,0.5,0.03411162,3,Mild_Stress,MILD_STRESS
U06,04ef5dc7-a863-47e2-ae53-6aa9f339c555,1774691385825,1774691401026,54.738094,27.739485,230.7317,128.03316,165.77856,0.14285715,0,0.5,0.029971322,3,Mild_Stress,HIGH_STRESS
U06,04ef5dc7-a863-47e2-ae53-6aa9f339c555,1774692138099,1774692155572,52.4,43.139774,2585.0,1450.2418,17.169348,0.4,3,0.5,0.013032193,3,Mild_Stress,HIGH_STRESS
U06,04ef5dc7-a863-47e2-ae53-6aa9f339c555,1774692155572,1774692170686,52.72222,43.86951,786.8333,1239.3734,71.456924,0.3888889,1,0.5,0.01185498,3,Mild_Stress,HIGH_STRESS
U06,04ef5dc7-a863-47e2-ae53-6aa9f339c555,1774692223301,1774692238369,55.939392,30.462038,442.14816,438.53305,131.4043,0.33333334,1,0.5,0.012668445,3,Mild_Stress,HIGH_STRESS
U06,04ef5dc7-a863-47e2-ae53-6aa9f339c555,1774692435268,1774692451153,39.4375,37.39731,390.67743,331.2794,120.868744,0.4375,0,0.5,0.013163617,5,High_Stress,HIGH_STRESS
U06,04ef5dc7-a863-47e2-ae53-6aa9f339c555,1774692602525,1774692618151,46.0,35.247932,589.6087,443.761,92.1541,0.29166666,0,0.5,0.027624264,5,High_Stress,HIGH_STRESS
U06,04ef5dc7-a863-47e2-ae53-6aa9f339c555,1774692885660,1774692900803,67.40476,25.220041,268.95123,262.0553,166.41353,0.071428575,0,0.5,0.032300793,5,High_Stress,MILD_STRESS
U06,04ef5dc7-a863-47e2-ae53-6aa9f339c555,1774711508365,1774711523977,49.28846,28.066088,251.2745,326.87415,199.84627,0.21153846,1,0.5,0.12239501,1,Calm,HIGH_STRESS
U06,04ef5dc7-a863-47e2-ae53-6aa9f339c555,1774711523977,1774711539484,50.5,29.86051,466.4,893.27496,116.07661,0.16666667,1,0.5,0.04157407,1,Calm,HIGH_STRESS
U06,04ef5dc7-a863-47e2-ae53-6aa9f339c555,1774711546104,1774711561280,65.24,15.674897,153.95833,83.80905,98.84027,0.0,0,0.5,0.07850853,1,Calm,CALM
U06,04ef5dc7-a863-47e2-ae53-6aa9f339c555,1774711595400,1774711610564,57.208332,28.673418,243.7234,287.68457,189.92351,0.125,0,0.5,0.17479934,1,Calm,HIGH_STRESS
U06,04ef5dc7-a863-47e2-ae53-6aa9f339c555,1774711610564,1774711625630,63.6875,19.56523,250.20833,283.7115,191.1589,0.020833334,0,0.5,0.09644725,1,Calm,MILD_STRESS
U06,04ef5dc7-a863-47e2-ae53-6aa9f339c555,1774724780392,1774724795863,59.925,22.105867,317.48718,255.77072,155.12895,0.075,0,0.5,0.38010532,1,Calm,MILD_STRESS
U06,04ef5dc7-a863-47e2-ae53-6aa9f339c555,1774724824441,1774724839838,54.589745,29.187035,340.28946,271.52502,151.97766,0.12820514,0,0.5,0.01843859,1,Calm,HIGH_STRESS
U06,04ef5dc7-a863-47e2-ae53-6aa9f339c555,1774725050795,1774725066007,66.7619,28.421831,613.85,1009.93915,82.829346,0.0,2,0.5,0.69682074,1,Calm,MILD_STRESS
U06,04ef5dc7-a863-47e2-ae53-6aa9f339c555,1774725074044,1774725089583,55.066666,28.30422,274.13635,165.02846,173.75635,0.15555556,0,0.5,0.029700968,1,Calm,HIGH_STRESS
U06,04ef5dc7-a863-47e2-ae53-6aa9f339c555,1774725089583,1774725104764,55.0,26.255735,290.02274,206.38385,173.90158,0.09090909,0,0.5,0.019766696,1,Calm,HIGH_STRESS
U06,04ef5dc7-a863-47e2-ae53-6aa9f339c555,1774725171675,1774725186688,69.45946,25.227179,294.3889,275.2363,147.87184,0.08108108,0,0.5,0.024744224,1,Calm,HIGH_STRESS
U06,04ef5dc7-a863-47e2-ae53-6aa9f339c555,1774725186688,1774725201693,68.333336,22.969614,288.92856,194.73932,167.94402,0.04761905,0,0.5,0.031943135,1,Calm,MILD_STRESS
U06,04ef5dc7-a863-47e2-ae53-6aa9f339c555,1774726357789,1774726373361,48.75,20.703045,309.66666,163.49606,107.88595,0.10714286,0,0.5,0.21832134,,,HIGH_STRESS
U06,04ef5dc7-a863-47e2-ae53-6aa9f339c555,1774726419329,1774726434514,52.833332,29.137129,798.5455,1149.989,47.41521,0.083333336,1,0.5,0.017551567,,,HIGH_STRESS
U06,04ef5dc7-a863-47e2-ae53-6aa9f339c555,1774726434514,1774726453893,45.2,29.4238,1892.7,2759.5269,30.96135,0.2,2,0.5,0.017163096,,,HIGH_STRESS
U06,04ef5dc7-a863-47e2-ae53-6aa9f339c555,1774726482003,1774726497110,43.208332,31.658304,446.52173,382.12756,95.32005,0.29166666,0,0.5,0.020407572,,,HIGH_STRESS
U06,04ef5dc7-a863-47e2-ae53-6aa9f339c555,1774726497110,1774726513414,51.088234,28.420547,428.44116,283.99185,125.12267,0.14705883,0,0.5,0.01893978,,,HIGH_STRESS
U06,04ef5dc7-a863-47e2-ae53-6aa9f339c555,1774726513414,1774726529132,57.942856,28.182003,391.14285,490.99374,133.60478,0.114285715,1,0.5,0.019349605,,,HIGH_STRESS
U06,04ef5dc7-a863-47e2-ae53-6aa9f339c555,1774726576978,1774726592555,83.4,35.654453,540.6667,343.50967,38.51833,0.1,0,0.5,0.036094874,,,HIGH_STRESS
U06,04ef5dc7-a863-47e2-ae53-6aa9f339c555,1774726608221,1774726623476,63.545456,26.78488,401.7143,177.269,86.52901,0.09090909,0,0.5,0.021289872,,,HIGH_STRESS
U06,04ef5dc7-a863-47e2-ae53-6aa9f339c555,1774726752723,1774726768546,69.03333,39.341652,339.82758,218.32341,113.75845,0.06666667,0,0.5,0.3914933,,,MILD_STRESS
U06,04ef5dc7-a863-47e2-ae53-6aa9f339c555,1774727462209,1774727478978,57.941177,26.394007,947.4375,2082.8115,60.826527,0.0,1,0.5,0.019149784,,,CALM
U06,04ef5dc7-a863-47e2-ae53-6aa9f339c555,1774727539825,1774727555406,48.4,28.25786,431.2143,348.23456,57.76266,0.2,0,0.5,0.014037167,,,HIGH_STRESS
U06,04ef5dc7-a863-47e2-ae53-6aa9f339c555,1774728808085,1774728823317,73.16279,22.803438,281.06976,152.60596,169.38025,0.046511628,0,0.5,0.16786174,,,MILD_STRESS
U06,04ef5dc7-a863-47e2-ae53-6aa9f339c555,1774728857492,1774728873102,72.71429,26.75398,578.7692,994.21674,53.81166,0.071428575,1,0.5,0.031812966,,,MILD_STRESS
U06,04ef5dc7-a863-47e2-ae53-6aa9f339c555,1774729537536,1774729554617,59.724136,40.488308,672.04346,776.84906,101.86757,0.4827586,1,0.5,0.030242994,,,HIGH_STRESS
U06,04ef5dc7-a863-47e2-ae53-6aa9f339c555,1774729554617,1774729569951,61.707317,31.016317,546.4583,742.4357,160.42781,0.6097561,2,0.5,0.016560601,,,HIGH_STRESS
U06,04ef5dc7-a863-47e2-ae53-6aa9f339c555,1774729664830,1774729679841,80.64,26.710117,493.16666,437.20215,99.92672,0.04,1,0.5,0.02239253,,,CALM
U06,04ef5dc7-a863-47e2-ae53-6aa9f339c555,1774729680730,1774729696065,75.27273,31.528028,523.2381,480.39587,86.0776,0.09090909,1,0.5,0.021964448,,,HIGH_STRESS
U06,04ef5dc7-a863-47e2-ae53-6aa9f339c555,1774747949493,1774747966599,35.363636,38.46905,1062.5,1344.3586,38.582954,0.45454547,2,0.5,0.2681648,,,HIGH_STRESS
U06,04ef5dc7-a863-47e2-ae53-6aa9f339c555,1774747982856,1774747998000,54.424244,32.323208,296.3125,209.94902,130.74484,0.18181819,0,0.5,0.0336713,,,HIGH_STRESS
U06,04ef5dc7-a863-47e2-ae53-6aa9f339c555,1774748001013,1774748016589,64.347824,25.804632,369.68182,286.51834,88.59784,0.04347826,0,0.5,0.02745731,,,MILD_STRESS
U06,04ef5dc7-a863-47e2-ae53-6aa9f339c555,1774748098376,1774748113522,61.851852,26.05934,484.8846,510.21658,106.95893,0.074074075,0,0.5,0.11436062,,,MILD_STRESS
U06,04ef5dc7-a863-47e2-ae53-6aa9f339c555,1774748134824,1774748165359,74.51724,19.994173,978.37933,3429.518,56.983788,0.0,1,0.5,0.013631807,,,CALM
U06,04ef5dc7-a863-47e2-ae53-6aa9f339c555,1774748207438,1774748222630,61.16,22.238129,303.95834,243.92493,98.736176,0.04,0,0.5,0.019842628,,,CALM
U06,04ef5dc7-a863-47e2-ae53-6aa9f339c555,1774748299412,1774748314613,57.604652,32.54631,319.4,318.2382,169.72568,0.30232558,1,0.5,0.017635278,,,HIGH_STRESS
U06,04ef5dc7-a863-47e2-ae53-6aa9f339c555,1774748379494,1774748395059,60.333332,37.409363,478.0,333.74017,80.95085,0.1904762,0,0.5,0.035080954,5,High_Stress,HIGH_STRESS
U06,04ef5dc7-a863-47e2-ae53-6aa9f339c555,1774748433810,1774748450076,66.24,30.646736,584.36,543.91,92.216896,0.12,2,0.5,0.0024068016,5,High_Stress,HIGH_STRESS
U06,04ef5dc7-a863-47e2-ae53-6aa9f339c555,1774748530855,1774748546007,68.588234,31.867481,502.4375,245.35942,67.31785,0.11764706,0,0.5,0.0010927867,5,High_Stress,HIGH_STRESS
U06,04ef5dc7-a863-47e2-ae53-6aa9f339c555,1774748546007,1774748561098,67.325584,22.98404,429.3793,371.78177,170.96283,0.41860464,0,0.5,0.0018008956,5,High_Stress,HIGH_STRESS
U06,04ef5dc7-a863-47e2-ae53-6aa9f339c555,1774748580211,1774748595317,62.103447,36.60445,461.42856,306.0647,115.18602,0.1724138,0,0.5,0.0012123911,5,High_Stress,HIGH_STRESS
U06,04ef5dc7-a863-47e2-ae53-6aa9f339c555,1774748601209,1774748616632,58.2,39.569687,676.0,430.43524,19.45147,0.2,0,0.5,8.738546E-4,5,High_Stress,HIGH_STRESS
U06,04ef5dc7-a863-47e2-ae53-6aa9f339c555,1774748624929,1774748640124,76.82353,15.6176195,381.375,143.72842,67.12734,0.0,0,0.5,0.0053638374,5,High_Stress,CALM
U06,04ef5dc7-a863-47e2-ae53-6aa9f339c555,1774748640124,1774748655263,73.82758,19.42105,448.2069,341.37695,114.93494,0.0,0,0.5,0.0014645224,5,High_Stress,CALM
U06,04ef5dc7-a863-47e2-ae53-6aa9f339c555,1774748735811,1774748750901,62.046513,27.203756,288.86047,176.04381,170.97415,0.069767445,0,0.5,0.076686606,5,High_Stress,MILD_STRESS
U06,04ef5dc7-a863-47e2-ae53-6aa9f339c555,1774748927874,1774748943338,75.35714,40.118767,539.0769,573.4709,54.31971,0.14285715,1,0.5,0.010595001,5,High_Stress,HIGH_STRESS
U06,04ef5dc7-a863-47e2-ae53-6aa9f339c555,1774748943338,1774748958472,69.52381,24.612461,290.8095,176.34804,166.51248,0.071428575,0,0.5,0.017414296,5,High_Stress,MILD_STRESS
U06,04ef5dc7-a863-47e2-ae53-6aa9f339c555,1774748965929,1774748981218,69.935486,23.760818,568.35,801.8198,121.65609,0.38709676,2,0.5,0.018229593,5,High_Stress,HIGH_STRESS
U06,04ef5dc7-a863-47e2-ae53-6aa9f339c555,1774749406177,1774749421265,55.233334,27.362606,393.2414,324.68103,119.3001,0.1,0,0.5,0.13745666,5,High_Stress,HIGH_STRESS
U06,04ef5dc7-a863-47e2-ae53-6aa9f339c555,1774749464423,1774749481764,63.857143,22.993343,2263.3333,3479.9382,48.440113,0.64285713,2,0.5,0.0320452,5,High_Stress,HIGH_STRESS
U06,04ef5dc7-a863-47e2-ae53-6aa9f339c555,1774749507920,1774749523153,66.42105,28.053175,447.6111,338.67917,74.837524,0.10526316,0,0.5,0.020819707,5,High_Stress,HIGH_STRESS
U06,04ef5dc7-a863-47e2-ae53-6aa9f339c555,1774749529187,1774749544755,70.4,29.07645,407.14285,538.6541,57.810894,0.06666667,1,0.5,0.021988,5,High_Stress,MILD_STRESS
U06,04ef5dc7-a863-47e2-ae53-6aa9f339c555,1774749583810,1774749600769,60.884617,34.122322,536.88,781.87714,91.98656,0.1923077,2,0.5,0.020013537,,,HIGH_STRESS
U06,04ef5dc7-a863-47e2-ae53-6aa9f339c555,1774750051376,1774750066807,63.285713,44.7444,766.3077,744.6945,54.435875,0.2857143,1,0.5,0.23741831,,,HIGH_STRESS
U06,04ef5dc7-a863-47e2-ae53-6aa9f339c555,1774750144481,1774750161015,74.14286,32.319515,465.37036,501.35284,101.6088,0.071428575,1,0.5,0.3760336,,,MILD_STRESS
U06,04ef5dc7-a863-47e2-ae53-6aa9f339c555,1774751562085,1774751577232,60.045456,37.296696,348.5238,168.18884,87.14597,0.22727273,0,0.5,0.04364438,,,HIGH_STRESS
U06,04ef5dc7-a863-47e2-ae53-6aa9f339c555,1774751587222,1774751602818,61.333332,29.46448,432.2069,253.03201,115.41421,0.13333334,0,0.5,0.033327814,,,HIGH_STRESS
U06,04ef5dc7-a863-47e2-ae53-6aa9f339c555,1774751622282,1774751639790,69.1875,31.956451,878.1177,1628.3479,109.664154,0.59375,1,0.5,0.17594281,,,HIGH_STRESS
U06,04ef5dc7-a863-47e2-ae53-6aa9f339c555,1774751639790,1774751655056,62.517242,32.930042,463.86206,278.32327,113.978775,0.10344828,0,0.5,0.029887466,,,HIGH_STRESS
U06,04ef5dc7-a863-47e2-ae53-6aa9f339c555,1774751661886,1774751677015,60.074074,31.858397,355.76923,163.78839,107.07912,0.11111111,0,0.5,0.029193861,,,HIGH_STRESS
U06,04ef5dc7-a863-47e2-ae53-6aa9f339c555,1774751678503,1774751693570,60.1875,30.51479,292.2,108.944756,63.715405,0.125,0,0.5,0.028425317,,,HIGH_STRESS
U06,04ef5dc7-a863-47e2-ae53-6aa9f339c555,1774751743835,1774751759096,57.81818,31.250168,367.0625,201.77338,129.74248,0.09090909,0,0.5,0.033913642,,,HIGH_STRESS
U06,04ef5dc7-a863-47e2-ae53-6aa9f339c555,1774751759096,1774751774684,74.416664,34.3983,358.58334,198.6603,138.56813,0.055555556,0,0.5,0.03126042,,,MILD_STRESS
U06,04ef5dc7-a863-47e2-ae53-6aa9f339c555,1774751780429,1774751795601,86.92857,19.590319,372.84616,173.79733,55.365147,0.0,0,0.5,0.028137892,,,CALM
U06,04ef5dc7-a863-47e2-ae53-6aa9f339c555,1774751806664,1774751821692,81.42857,22.604406,306.5926,92.39098,111.79132,0.0,0,0.5,0.041337196,,,CALM
U06,04ef5dc7-a863-47e2-ae53-6aa9f339c555,1774751821692,1774751836954,59.076923,34.390953,332.2564,148.26842,153.32198,0.15384616,0,0.5,0.031968124,,,HIGH_STRESS
U06,04ef5dc7-a863-47e2-ae53-6aa9f339c555,1774751836954,1774751852193,63.741936,31.292551,427.8387,179.12639,122.05525,0.09677419,0,0.5,0.033793077,,,HIGH_STRESS
U06,04ef5dc7-a863-47e2-ae53-6aa9f339c555,1774751852193,1774751867409,75.51515,25.888012,385.54544,192.91435,130.12619,0.060606062,0,0.5,0.024863848,,,MILD_STRESS
U06,04ef5dc7-a863-47e2-ae53-6aa9f339c555,1774751881084,1774751896445,62.51852,35.391327,486.03845,442.8645,105.46188,0.14814815,1,0.5,0.113497555,,,HIGH_STRESS
U06,04ef5dc7-a863-47e2-ae53-6aa9f339c555,1774751910635,1774751925764,59.384617,31.868814,321.1579,138.92549,154.66985,0.15384616,0,0.5,0.047473338,,,HIGH_STRESS
U06,04ef5dc7-a863-47e2-ae53-6aa9f339c555,1774752050718,1774752065840,68.31035,23.840857,201.84616,176.79533,230.1283,0.15517241,0,0.5,0.6370836,,,HIGH_STRESS
U06,04ef5dc7-a863-47e2-ae53-6aa9f339c555,1774752065840,1774752080983,60.833332,28.770163,254.64583,191.15051,190.18689,0.125,0,0.5,0.04543074,,,HIGH_STRESS
U06,04ef5dc7-a863-47e2-ae53-6aa9f339c555,1774752080983,1774752101024,66.17308,25.986477,319.23077,757.435,155.68085,0.07692308,1,0.5,0.05550258,,,MILD_STRESS
U06,04ef5dc7-a863-47e2-ae53-6aa9f339c555,1774752268801,1774752283968,53.64407,29.658945,198.89655,168.12646,233.40146,0.16949153,0,0.5,0.15515308,3,Mild_Stress,HIGH_STRESS
U06,04ef5dc7-a863-47e2-ae53-6aa9f339c555,1774752312571,1774752328058,58.910713,32.37243,211.65454,162.49747,216.95616,0.17857143,0,0.5,0.056528028,3,Mild_Stress,HIGH_STRESS
U06,04ef5dc7-a863-47e2-ae53-6aa9f339c555,1774752493738,1774752508745,58.314816,22.69102,231.575,153.82716,215.89925,0.35185185,0,0.5,0.07997607,3,Mild_Stress,HIGH_STRESS
U06,04ef5dc7-a863-47e2-ae53-6aa9f339c555,1774752508745,1774752523875,57.45714,26.314953,374.85715,489.45972,138.79709,0.08571429,2,0.5,0.08874495,3,Mild_Stress,HIGH_STRESS
U06,04ef5dc7-a863-47e2-ae53-6aa9f339c555,1774752550846,1774752565905,77.0,22.325653,250.36957,312.80057,183.2791,0.02173913,0,0.5,0.1385246,3,Mild_Stress,MILD_STRESS
U06,04ef5dc7-a863-47e2-ae53-6aa9f339c555,1774752600288,1774752615524,77.44444,46.852276,659.5294,1417.4895,70.88475,0.055555556,1,0.5,0.09569097,3,Mild_Stress,MILD_STRESS
U06,04ef5dc7-a863-47e2-ae53-6aa9f339c555,1774752789019,1774752804122,66.14634,24.111086,302.19513,585.3968,162.88155,0.0,1,0.5,0.09756607,3,Mild_Stress,MILD_STRESS
U06,04ef5dc7-a863-47e2-ae53-6aa9f339c555,1774752830501,1774752845679,79.2,20.083824,78.5,60.99795,19.76545,0.0,0,0.5,0.18346159,3,Mild_Stress,MILD_STRESS
U06,04ef5dc7-a863-47e2-ae53-6aa9f339c555,1774752845679,1774752861110,58.761906,28.935734,308.66666,356.9346,163.30763,0.11904762,0,0.5,0.079509236,3,Mild_Stress,HIGH_STRESS
U06,04ef5dc7-a863-47e2-ae53-6aa9f339c555,1774753038783,1774753053941,67.388885,25.542206,322.65714,622.44763,142.49901,0.055555556,1,0.5,0.087083966,3,Mild_Stress,MILD_STRESS
U06,04ef5dc7-a863-47e2-ae53-6aa9f339c555,1774753053941,1774753069007,55.272728,27.915752,401.27274,540.90576,131.42174,0.15151516,1,0.5,0.063793294,3,Mild_Stress,HIGH_STRESS
U06,04ef5dc7-a863-47e2-ae53-6aa9f339c555,1774753094097,1774753109186,63.326923,27.192844,196.50981,148.18501,206.77315,0.09615385,0,0.5,0.115367696,3,Mild_Stress,HIGH_STRESS
U06,04ef5dc7-a863-47e2-ae53-6aa9f339c555,1774753123359,1774753138400,70.36364,25.871264,171.2,121.39506,43.880062,0.0,0,0.5,0.10564689,3,Mild_Stress,CALM
U06,04ef5dc7-a863-47e2-ae53-6aa9f339c555,1774753484689,1774753499789,53.8,34.60867,354.94736,502.78586,79.4702,0.2,1,0.5,0.100444734,5,High_Stress,HIGH_STRESS
U06,04ef5dc7-a863-47e2-ae53-6aa9f339c555,1774753534678,1774753549853,77.69231,23.600471,207.66667,168.30594,51.40033,0.0,0,0.5,0.074102014,5,High_Stress,CALM
U06,04ef5dc7-a863-47e2-ae53-6aa9f339c555,1774753558169,1774753573358,64.19512,27.739397,289.775,245.36478,161.95932,0.09756097,0,0.5,0.07254103,5,High_Stress,HIGH_STRESS
U06,04ef5dc7-a863-47e2-ae53-6aa9f339c555,1774753656000,1774753671275,51.236843,32.185673,334.64865,344.03552,149.2635,0.18421052,0,0.5,0.20457341,5,High_Stress,HIGH_STRESS
U06,04ef5dc7-a863-47e2-ae53-6aa9f339c555,1774753684997,1774753700232,73.96296,23.342033,151.84616,103.055885,106.3341,0.0,0,0.5,0.047108963,5,High_Stress,CALM
U06,04ef5dc7-a863-47e2-ae53-6aa9f339c555,1774753704330,1774753719683,51.243904,35.01343,315.025,277.52393,160.22928,0.24390244,0,0.5,0.084994316,5,High_Stress,HIGH_STRESS
U06,04ef5dc7-a863-47e2-ae53-6aa9f339c555,1774753745850,1774753760854,59.923077,32.16116,227.82353,183.7563,207.94455,0.15384616,0,0.5,0.06188303,5,High_Stress,HIGH_STRESS
U06,04ef5dc7-a863-47e2-ae53-6aa9f339c555,1774753760854,1774753775873,67.86885,24.383194,178.32787,156.5198,243.69133,0.04918033,0,0.5,0.049847562,5,High_Stress,MILD_STRESS
U06,04ef5dc7-a863-47e2-ae53-6aa9f339c555,1774753784376,1774753799869,69.833336,20.234047,189.62857,260.80066,139.4178,0.027777778,0,0.5,0.08597993,5,High_Stress,CALM
U06,04ef5dc7-a863-47e2-ae53-6aa9f339c555,1774753822361,1774753837420,57.839287,27.877779,201.8,215.37253,223.12239,0.125,0,0.5,0.06893475,5,High_Stress,HIGH_STRESS
U06,04ef5dc7-a863-47e2-ae53-6aa9f339c555,1774753854896,1774753870124,70.111115,26.509724,305.24326,627.8546,177.30496,0.26666668,2,0.5,0.0829962,5,High_Stress,HIGH_STRESS
U06,04ef5dc7-a863-47e2-ae53-6aa9f339c555,1774753872092,1774753887132,63.146343,30.782131,192.65,227.91924,163.56383,0.14634146,0,0.5,0.061693914,5,High_Stress,HIGH_STRESS
U06,04ef5dc7-a863-47e2-ae53-6aa9f339c555,1774753887132,1774753902150,62.5,29.126368,295.07144,510.16702,167.79865,0.0952381,1,0.5,0.051438805,5,High_Stress,HIGH_STRESS
U06,04ef5dc7-a863-47e2-ae53-6aa9f339c555,1774753902150,1774753917404,54.435898,37.05491,336.69232,350.13333,153.40239,0.2820513,0,0.5,0.064789556,5,High_Stress,HIGH_STRESS
U06,04ef5dc7-a863-47e2-ae53-6aa9f339c555,1774753957968,1774753973058,59.61905,27.881512,200.78947,175.09644,250.49702,0.23809524,0,0.5,0.08077868,5,High_Stress,HIGH_STRESS
U06,04ef5dc7-a863-47e2-ae53-6aa9f339c555,1774753973058,1774753988398,60.0,25.765821,253.04082,321.1624,191.6558,0.06122449,0,0.5,0.058795135,5,High_Stress,MILD_STRESS
U06,04ef5dc7-a863-47e2-ae53-6aa9f339c555,1774754005893,1774754020897,61.339622,21.085579,223.98077,350.39722,211.94348,0.056603774,1,0.5,0.06780292,5,High_Stress,MILD_STRESS
U06,04ef5dc7-a863-47e2-ae53-6aa9f339c555,1774754033393,1774754048523,58.2807,30.376442,206.625,202.1197,226.04099,0.15789473,0,0.5,0.052645754,5,High_Stress,HIGH_STRESS
U06,04ef5dc7-a863-47e2-ae53-6aa9f339c555,1774754049314,1774754064356,58.22449,26.662107,238.14285,207.1415,195.45273,0.24489796,0,0.5,0.08062901,5,High_Stress,HIGH_STRESS
U06,04ef5dc7-a863-47e2-ae53-6aa9f339c555,1774754146636,1774754163123,73.14706,16.514044,259.66666,432.40094,123.73385,0.0,1,0.5,0.184788,5,High_Stress,CALM
U06,04ef5dc7-a863-47e2-ae53-6aa9f339c555,1774754177838,1774754192868,65.88,23.601389,234.04082,254.5626,199.6008,0.02,0,0.5,0.05027709,5,High_Stress,MILD_STRESS
U06,04ef5dc7-a863-47e2-ae53-6aa9f339c555,1774754196935,1774754213385,56.6,29.940979,302.45456,347.74182,164.13374,0.11111111,0,0.5,0.09033798,5,High_Stress,HIGH_STRESS
U06,04ef5dc7-a863-47e2-ae53-6aa9f339c555,1774754435913,1774754451076,60.942856,25.258596,316.94116,232.18958,138.49503,0.057142857,0,0.5,0.036849845,5,High_Stress,MILD_STRESS
U06,04ef5dc7-a863-47e2-ae53-6aa9f339c555,1774754463434,1774754478838,67.625,10.011712,309.0,162.55197,31.160738,0.0,0,0.5,0.006184792,5,High_Stress,MILD_STRESS
U06,04ef5dc7-a863-47e2-ae53-6aa9f339c555,1774754478838,1774754493961,54.208332,18.867916,260.85416,221.58482,190.4384,0.041666668,0,0.5,0.01630736,5,High_Stress,MILD_STRESS
U06,04ef5dc7-a863-47e2-ae53-6aa9f339c555,1774754525045,1774754540219,59.115383,15.935753,234.52,82.84063,102.807434,0.0,0,0.5,0.036850106,5,High_Stress,CALM
U06,04ef5dc7-a863-47e2-ae53-6aa9f339c555,1774754544291,1774754559421,60.090908,21.027924,489.2381,937.5157,87.24389,0.045454547,1,0.5,0.019994877,5,High_Stress,MILD_STRESS
U06,04ef5dc7-a863-47e2-ae53-6aa9f339c555,1774754559421,1774754574554,59.890907,16.339214,215.25455,86.97904,218.06648,0.0,0,0.5,0.01205655,5,High_Stress,MILD_STRESS
U06,04ef5dc7-a863-47e2-ae53-6aa9f339c555,1774754610479,1774754625627,58.36,24.08465,244.62,112.541176,198.04594,0.08,0,0.5,0.3892248,5,High_Stress,MILD_STRESS
U06,04ef5dc7-a863-47e2-ae53-6aa9f339c555,1774754625627,1774754640698,55.54286,24.305605,375.05713,546.8265,139.34045,0.057142857,1,0.5,0.107420824,5,High_Stress,MILD_STRESS
U06,04ef5dc7-a863-47e2-ae53-6aa9f339c555,1774754646194,1774754661467,49.152172,31.811926,263.8,142.3705,180.71106,0.2173913,0,0.5,0.011068054,5,High_Stress,HIGH_STRESS
U06,04ef5dc7-a863-47e2-ae53-6aa9f339c555,1774754678881,1774754694202,54.148148,22.408173,229.59259,94.20771,211.47444,0.09259259,0,0.5,0.20166197,5,High_Stress,HIGH_STRESS
U06,04ef5dc7-a863-47e2-ae53-6aa9f339c555,1774777373890,1774777389134,60.57143,28.331493,538.125,1562.7623,110.2073,0.2857143,1,0.5,0.50935924,1,Calm,HIGH_STRESS
U06,04ef5dc7-a863-47e2-ae53-6aa9f339c555,1774777389134,1774777404155,62.225807,34.5489,180.06451,144.5538,247.65329,0.17741935,0,0.5,0.051092777,1,Calm,HIGH_STRESS
U06,04ef5dc7-a863-47e2-ae53-6aa9f339c555,1774777406346,1774777421466,63.891304,34.464996,216.84445,150.23212,182.53969,0.19565217,0,0.5,0.05077064,1,Calm,HIGH_STRESS
U06,04ef5dc7-a863-47e2-ae53-6aa9f339c555,1774777455581,1774777470752,73.6,17.579533,155.25,115.951225,19.77457,0.0,0,0.5,0.076562814,1,Calm,MILD_STRESS
U06,04ef5dc7-a863-47e2-ae53-6aa9f339c555,1774777547545,1774777562564,61.526318,36.423485,801.5,1782.3247,75.903854,0.36842105,2,0.5,0.18521748,1,Calm,HIGH_STRESS
U06,04ef5dc7-a863-47e2-ae53-6aa9f339c555,1774777603904,1774777619338,58.08108,25.663496,221.97223,240.87543,143.83827,0.08108108,0,0.5,0.092011176,1,Calm,HIGH_STRESS
U06,04ef5dc7-a863-47e2-ae53-6aa9f339c555,1774778670011,1774778685110,65.53125,23.501308,223.6129,108.575134,127.160736,0.0625,0,0.5,0.070200875,,,MILD_STRESS
U06,04ef5dc7-a863-47e2-ae53-6aa9f339c555,1774778749579,1774778764728,63.217392,36.993484,234.36363,153.54938,91.09512,0.17391305,0,0.5,0.17356566,,,HIGH_STRESS
U06,04ef5dc7-a863-47e2-ae53-6aa9f339c555,1774778828581,1774778843621,62.466667,23.284807,345.2069,346.3462,119.680855,0.06666667,0,0.5,0.041890386,,,MILD_STRESS
U06,04ef5dc7-a863-47e2-ae53-6aa9f339c555,1774779148983,1774779164076,61.45,15.831851,185.63158,75.05031,79.50706,0.0,0,0.5,0.05485972,,,CALM
U06,04ef5dc7-a863-47e2-ae53-6aa9f339c555,1774779260677,1774779275883,52.355556,22.133087,262.61365,179.19406,177.5615,0.11111111,0,0.5,0.05487694,,,HIGH_STRESS
U06,04ef5dc7-a863-47e2-ae53-6aa9f339c555,1774779320397,1774779335439,52.033333,28.396576,269.7931,162.84335,119.66494,0.16666667,0,0.5,0.046473194,5,High_Stress,HIGH_STRESS
U06,04ef5dc7-a863-47e2-ae53-6aa9f339c555,1774779335439,1774779351322,40.62069,25.721872,507.06897,1061.7352,109.551094,0.20689656,1,0.5,0.011344037,5,High_Stress,HIGH_STRESS
U06,04ef5dc7-a863-47e2-ae53-6aa9f339c555,1774779365698,1774779381402,52.520832,21.653511,273.46808,170.76459,183.39276,0.0625,0,0.5,0.03740995,5,High_Stress,MILD_STRESS
U06,04ef5dc7-a863-47e2-ae53-6aa9f339c555,1774779396896,1774779411927,55.627907,25.598894,274.75,145.25139,171.64526,0.27906978,0,0.5,0.011890666,5,High_Stress,HIGH_STRESS
U06,04ef5dc7-a863-47e2-ae53-6aa9f339c555,1774779450513,1774779466344,47.92157,25.455723,255.28,188.39607,193.29164,0.13725491,0,0.5,0.013966108,5,High_Stress,HIGH_STRESS
U06,04ef5dc7-a863-47e2-ae53-6aa9f339c555,1774779467214,1774779482253,50.166668,20.52167,208.41176,84.6884,71.813286,0.11111111,0,0.5,0.011131622,5,High_Stress,HIGH_STRESS
U06,04ef5dc7-a863-47e2-ae53-6aa9f339c555,1774779618966,1774779634023,50.05,24.63529,329.10257,326.67368,159.3943,0.125,0,0.5,0.03792368,5,High_Stress,HIGH_STRESS
U06,04ef5dc7-a863-47e2-ae53-6aa9f339c555,1774779645828,1774779662542,55.310345,26.05181,508.85715,1093.3132,104.10435,0.10344828,1,0.5,0.029862624,5,High_Stress,HIGH_STRESS
U06,04ef5dc7-a863-47e2-ae53-6aa9f339c555,1774779818671,1774779833788,47.347828,23.886705,282.0,221.17122,182.57591,0.13043478,0,0.5,0.02436964,5,High_Stress,HIGH_STRESS
U06,04ef5dc7-a863-47e2-ae53-6aa9f339c555,1774779833788,1774779849030,45.414635,29.04578,326.36584,327.28363,161.39615,0.2195122,0,0.5,0.01881212,5,High_Stress,HIGH_STRESS
U06,04ef5dc7-a863-47e2-ae53-6aa9f339c555,1774779954404,1774779969438,45.38889,25.884657,285.45715,211.29578,143.67433,0.19444445,0,0.5,0.027942315,5,High_Stress,HIGH_STRESS
U06,04ef5dc7-a863-47e2-ae53-6aa9f339c555,1774780350935,1774780365990,43.694443,24.095665,343.1143,284.89594,143.47392,0.16666667,0,0.5,0.037597593,3,Mild_Stress,HIGH_STRESS
U06,04ef5dc7-a863-47e2-ae53-6aa9f339c555,1774780399170,1774780414372,54.682926,22.356794,266.925,153.5354,161.82082,0.07317073,0,0.5,0.029163513,3,Mild_Stress,MILD_STRESS
U06,04ef5dc7-a863-47e2-ae53-6aa9f339c555,1774780478087,1774780494285,57.407406,27.577848,345.96155,255.73927,100.012344,0.14814815,0,0.5,0.018546535,3,Mild_Stress,HIGH_STRESS
U06,04ef5dc7-a863-47e2-ae53-6aa9f339c555,1774780504000,1774780521389,59.80488,20.953165,333.95,439.83957,141.46875,0.048780486,1,0.5,0.011039329,3,Mild_Stress,MILD_STRESS
U06,04ef5dc7-a863-47e2-ae53-6aa9f339c555,1774780575378,1774780590654,60.26829,23.969517,311.9,237.88924,161.03693,0.07317073,0,0.5,0.011528395,3,Mild_Stress,MILD_STRESS
U06,04ef5dc7-a863-47e2-ae53-6aa9f339c555,1774780602377,1774780617784,57.4,30.203312,239.0,113.004425,19.471668,0.2,0,0.5,0.18236528,3,Mild_Stress,HIGH_STRESS
U06,04ef5dc7-a863-47e2-ae53-6aa9f339c555,1774780726848,1774780741940,52.642857,19.978943,315.8889,248.57361,111.31725,0.071428575,0,0.5,0.010416354,3,Mild_Stress,MILD_STRESS
U06,04ef5dc7-a863-47e2-ae53-6aa9f339c555,1774781019700,1774781035928,60.272728,24.576748,627.8571,848.7514,81.34089,0.045454547,2,0.5,0.03322375,3,Mild_Stress,MILD_STRESS
U06,04ef5dc7-a863-47e2-ae53-6aa9f339c555,1774781083782,1774781098897,49.166668,22.170246,276.43903,180.52377,166.7218,0.0952381,0,0.5,0.01458785,3,Mild_Stress,HIGH_STRESS
U06,04ef5dc7-a863-47e2-ae53-6aa9f339c555,1774781098897,1774781113934,45.69388,20.756315,261.1837,226.02689,195.51772,0.10204082,0,0.5,0.008545132,3,Mild_Stress,HIGH_STRESS
U06,04ef5dc7-a863-47e2-ae53-6aa9f339c555,1774781163515,1774781178670,49.19355,20.365086,274.33334,202.68027,122.73177,0.09677419,0,0.5,0.011042305,3,Mild_Stress,HIGH_STRESS
U06,04ef5dc7-a863-47e2-ae53-6aa9f339c555,1774781225365,1774781240542,51.74074,20.363535,228.54716,205.59978,213.48093,0.09259259,0,0.5,0.01993123,3,Mild_Stress,HIGH_STRESS
U06,04ef5dc7-a863-47e2-ae53-6aa9f339c555,1774781294033,1774781309140,59.75,33.08304,238.63158,267.44055,79.43337,0.15,0,0.5,0.34201762,3,Mild_Stress,HIGH_STRESS
U06,04ef5dc7-a863-47e2-ae53-6aa9f339c555,1774781440585,1774781455903,62.163933,24.003538,197.07272,196.58908,238.93459,0.18032786,0,0.5,0.09793538,,,HIGH_STRESS
U06,04ef5dc7-a863-47e2-ae53-6aa9f339c555,1774784394147,1774784409251,47.53125,27.352999,429.4516,535.16583,127.118645,0.1875,1,0.5,0.23466791,5,High_Stress,HIGH_STRESS
U06,04ef5dc7-a863-47e2-ae53-6aa9f339c555,1774787091208,1774787106277,59.833332,23.106636,331.65714,500.244,143.34064,0.055555556,1,0.5,0.20513967,,,MILD_STRESS
U06,04ef5dc7-a863-47e2-ae53-6aa9f339c555,1774788641959,1774788656959,54.830986,29.290188,152.05714,109.43176,284.0,0.12676056,0,0.5,0.3188172,,,HIGH_STRESS
U06,04ef5dc7-a863-47e2-ae53-6aa9f339c555,1774807516959,1774807532070,67.07143,32.49937,163.84616,200.61093,55.588646,0.14285715,0,0.5,0.26618424,,,HIGH_STRESS
U06,04ef5dc7-a863-47e2-ae53-6aa9f339c555,1774808378497,1774808393543,73.791664,40.478367,484.17392,340.31784,95.7065,0.16666667,0,0.5,0.17944482,,,HIGH_STRESS
U06,04ef5dc7-a863-47e2-ae53-6aa9f339c555,1774810654016,1774810669321,58.55,31.766294,327.64102,483.23862,156.8115,0.2,1,0.5,0.08562919,3,Mild_Stress,HIGH_STRESS
U06,04ef5dc7-a863-47e2-ae53-6aa9f339c555,1774810770195,1774810798618,72.26316,23.312166,2610.7778,6717.3247,40.108364,0.57894737,1,0.5,0.1632716,3,Mild_Stress,HIGH_STRESS
U06,04ef5dc7-a863-47e2-ae53-6aa9f339c555,1774810799618,1774810814661,57.720932,32.728146,172.30952,157.30081,171.50835,0.20930232,0,0.5,0.19740082,3,Mild_Stress,HIGH_STRESS
U06,04ef5dc7-a863-47e2-ae53-6aa9f339c555,1774811062128,1774811077199,61.75,17.993633,206.26086,307.50867,95.54774,0.0,0,0.5,0.055158943,5,High_Stress,CALM
U06,04ef5dc7-a863-47e2-ae53-6aa9f339c555,1774811081213,1774811096303,86.416664,19.405577,420.27274,774.04205,47.71372,0.0,1,0.5,0.035795268,5,High_Stress,CALM
U06,04ef5dc7-a863-47e2-ae53-6aa9f339c555,1774811230914,1774811245973,69.97727,22.279718,257.39536,287.03326,175.31044,0.022727273,0,0.5,0.10187398,5,High_Stress,MILD_STRESS
U06,04ef5dc7-a863-47e2-ae53-6aa9f339c555,1774811245973,1774811261101,57.48,31.85796,245.06,249.7612,198.30777,0.18,0,0.5,0.055843867,5,High_Stress,HIGH_STRESS
U06,04ef5dc7-a863-47e2-ae53-6aa9f339c555,1774811538205,1774811555152,60.375,30.881916,292.66666,365.86487,169.94159,0.16666667,1,0.5,0.037111197,5,High_Stress,HIGH_STRESS
U06,04ef5dc7-a863-47e2-ae53-6aa9f339c555,1774812005637,1774812021111,67.42424,30.928099,404.875,219.20834,127.95657,0.09090909,0,0.5,0.04850296,,,HIGH_STRESS
U06,04ef5dc7-a863-47e2-ae53-6aa9f339c555,1774855308567,1774855323608,41.911766,32.512775,244.54546,191.11238,135.62927,0.29411766,0,0.5,0.035645656,1,Calm,HIGH_STRESS
U06,04ef5dc7-a863-47e2-ae53-6aa9f339c555,1774862217274,1774862232554,54.025642,29.450077,326.78946,497.8017,153.14136,0.17948718,1,0.5,0.39019915,,,HIGH_STRESS
U06,04ef5dc7-a863-47e2-ae53-6aa9f339c555,1774863299904,1774863315178,62.395348,16.947443,298.4762,227.80821,168.91449,0.046511628,0,0.5,0.06819107,,,MILD_STRESS
U06,04ef5dc7-a863-47e2-ae53-6aa9f339c555,1774865064392,1774865079905,67.545456,26.650476,1265.6,2895.7766,42.544964,0.0,1,0.5,0.2727805,,,CALM
U06,04ef5dc7-a863-47e2-ae53-6aa9f339c555,1774872787603,1774872802605,59.842106,27.90258,268.3846,250.36267,75.98987,0.47368422,0,0.5,0.15288988,1,Calm,HIGH_STRESS
U06,04ef5dc7-a863-47e2-ae53-6aa9f339c555,1774872882034,1774872897135,60.89796,32.204224,246.5625,188.43388,194.68909,0.18367347,0,0.5,0.1603714,1,Calm,HIGH_STRESS
U06,04ef5dc7-a863-47e2-ae53-6aa9f339c555,1774872901310,1774872916712,62.3125,30.680244,267.7097,237.85672,124.659134,0.15625,0,0.5,0.2799297,1,Calm,HIGH_STRESS
U06,04ef5dc7-a863-47e2-ae53-6aa9f339c555,1774872968075,1774872983100,67.1,15.438264,207.6923,289.07803,159.73378,0.0,0,0.5,0.23489283,1,Calm,MILD_STRESS
U06,04ef5dc7-a863-47e2-ae53-6aa9f339c555,1774873059620,1774873075405,41.833332,30.492714,558.8,490.504,22.806461,0.33333334,0,0.5,0.3483244,1,Calm,HIGH_STRESS
U06,04ef5dc7-a863-47e2-ae53-6aa9f339c555,1774878422795,1774878437877,61.612904,20.94182,151.93333,109.94299,123.32582,0.0,0,0.5,0.05913687,,,CALM
U06,04ef5dc7-a863-47e2-ae53-6aa9f339c555,1774878461943,1774878477349,55.866665,24.54755,334.72415,439.72427,116.83759,0.1,1,0.5,8.897095E-4,,,HIGH_STRESS
U06,04ef5dc7-a863-47e2-ae53-6aa9f339c555,1774878480295,1774878495399,53.2,29.594803,238.7347,267.2562,258.20975,0.43076923,0,0.5,7.097441E-4,,,HIGH_STRESS
U06,04ef5dc7-a863-47e2-ae53-6aa9f339c555,1774878517061,1774878532304,51.17647,24.432144,247.70589,357.8524,200.74788,0.09803922,1,0.5,0.12207786,,,HIGH_STRESS
U06,04ef5dc7-a863-47e2-ae53-6aa9f339c555,1774878533267,1774878548847,51.954544,26.404161,257.6744,473.33554,169.44801,0.11363637,1,0.5,0.07457495,,,HIGH_STRESS
U06,04ef5dc7-a863-47e2-ae53-6aa9f339c555,1774878560725,1774878576347,59.238094,23.283766,277.7561,415.5758,161.31097,0.071428575,1,0.5,0.040387217,,,MILD_STRESS
U06,04ef5dc7-a863-47e2-ae53-6aa9f339c555,1774878597026,1774878612097,55.54286,22.180227,173.38235,129.46428,139.34045,0.08571429,0,0.5,0.054375388,,,HIGH_STRESS
U06,04ef5dc7-a863-47e2-ae53-6aa9f339c555,1774878613299,1774878628340,67.297874,15.605393,303.7647,499.45648,187.48753,0.29787233,1,0.5,0.113591924,,,HIGH_STRESS
U06,04ef5dc7-a863-47e2-ae53-6aa9f339c555,1774878639097,1774878654292,55.057144,21.276335,354.52942,689.39484,138.20335,0.028571429,1,0.5,0.0985992,,,CALM
U06,04ef5dc7-a863-47e2-ae53-6aa9f339c555,1774879700357,1774879715468,54.155556,26.890688,263.88635,383.62573,178.67778,0.13333334,1,0.5,0.31867483,,,HIGH_STRESS
U06,04ef5dc7-a863-47e2-ae53-6aa9f339c555,1774882613085,1774882628111,47.61905,30.768686,309.8,537.88074,83.85465,0.23809524,1,0.5,0.1773349,1,Calm,HIGH_STRESS
U06,04ef5dc7-a863-47e2-ae53-6aa9f339c555,1774882628111,1774882643151,47.836735,23.824484,290.72726,406.16608,195.47873,0.24489796,1,0.5,0.046429183,1,Calm,HIGH_STRESS
U06,04ef5dc7-a863-47e2-ae53-6aa9f339c555,1774934665470,1774934680617,59.897434,14.282489,190.55263,52.340332,154.48604,0.0,0,0.5,0.022991138,3,Mild_Stress,MILD_STRESS
U06,04ef5dc7-a863-47e2-ae53-6aa9f339c555,1774934683072,1774934698081,49.5,17.23127,495.0,389.05014,23.98561,0.0,0,0.5,0.00972109,3,Mild_Stress,MILD_STRESS
U06,04ef5dc7-a863-47e2-ae53-6aa9f339c555,1774934699667,1774934714682,49.217392,25.058117,292.54544,176.33974,91.90809,0.17391305,0,0.5,0.009123678,3,Mild_Stress,HIGH_STRESS
U06,04ef5dc7-a863-47e2-ae53-6aa9f339c555,1774934715848,1774934730918,50.872726,23.123426,213.59259,81.961266,218.9781,0.10909091,0,0.5,0.013125934,3,Mild_Stress,HIGH_STRESS
U06,04ef5dc7-a863-47e2-ae53-6aa9f339c555,1774935427263,1774935442635,49.0,35.940426,957.0,734.2874,27.322405,0.2857143,1,0.5,0.15079787,,,HIGH_STRESS
U06,04ef5dc7-a863-47e2-ae53-6aa9f339c555,1774935468416,1774935483567,78.64706,33.241436,374.9394,463.79868,134.64458,0.05882353,0,0.5,0.14759128,,,MILD_STRESS
U06,04ef5dc7-a863-47e2-ae53-6aa9f339c555,1774935483567,1774935499025,77.61702,41.89935,251.2766,199.05765,182.42981,0.10638298,0,0.5,0.03679872,,,HIGH_STRESS
U06,04ef5dc7-a863-47e2-ae53-6aa9f339c555,1774935499025,1774935514377,65.83721,32.12905,306.31708,305.23532,168.05627,0.1627907,0,0.5,0.033528484,,,HIGH_STRESS
U06,04ef5dc7-a863-47e2-ae53-6aa9f339c555,1774939933272,1774939948280,46.88,30.415548,253.34694,184.50325,199.89339,0.14,0,0.5,0.094032876,,,HIGH_STRESS
U06,04ef5dc7-a863-47e2-ae53-6aa9f339c555,1774939950446,1774939965453,57.583332,11.835387,181.14285,52.988487,143.93283,0.0,0,0.5,0.0970405,,,MILD_STRESS
U06,04ef5dc7-a863-47e2-ae53-6aa9f339c555,1774939979679,1774939994776,53.153847,18.275019,211.60785,105.05182,206.66357,0.03846154,0,0.5,0.07913927,,,MILD_STRESS
U06,04ef5dc7-a863-47e2-ae53-6aa9f339c555,1774941202554,1774941217781,61.9375,30.227888,291.30768,313.66193,189.13771,0.3125,0,0.5,0.047373574,,,HIGH_STRESS
U06,04ef5dc7-a863-47e2-ae53-6aa9f339c555,1774941267077,1774941282298,62.77193,25.015095,203.78572,202.74648,224.68958,0.0877193,0,0.5,0.04600295,,,HIGH_STRESS
U06,04ef5dc7-a863-47e2-ae53-6aa9f339c555,1774944382537,1774944399555,64.22222,29.077589,616.5,1239.0748,31.731108,0.11111111,1,0.5,0.34572697,,,HIGH_STRESS
U06,04ef5dc7-a863-47e2-ae53-6aa9f339c555,1774945133499,1774945148568,62.12,25.975096,201.61224,257.65884,199.08421,0.08,0,0.5,0.10271329,1,Calm,MILD_STRESS
U06,04ef5dc7-a863-47e2-ae53-6aa9f339c555,1774945184214,1774945201359,58.340908,29.77945,276.5814,389.69833,153.98076,0.1590909,1,0.5,0.13946384,1,Calm,HIGH_STRESS
U06,04ef5dc7-a863-47e2-ae53-6aa9f339c555,1774945263686,1774945279616,63.0,18.654758,677.44446,1767.4133,131.82674,0.5714286,1,0.5,0.24061546,1,Calm,HIGH_STRESS
U06,04ef5dc7-a863-47e2-ae53-6aa9f339c555,1774945403964,1774945419025,53.771427,23.267494,200.88235,162.34074,139.43297,0.08571429,0,0.5,7.704768E-4,1,Calm,HIGH_STRESS
U06,04ef5dc7-a863-47e2-ae53-6aa9f339c555,1774947376932,1774947397199,43.5,23.759209,2678.0,5244.8657,23.68382,0.125,1,0.5,0.18348952,,,HIGH_STRESS
